{
	"className": "CascadedShadowGenerator",
	"lightId": "1ec7dcec-2a97-4bdc-9883-014f10a29bca",
	"id": "1ec7dcec-2a97-4bdc-9883-014f10a29bca",
	"mapSize": 1024,
	"forceBackFacesOnly": false,
	"darkness": 0,
	"transparencyShadow": false,
	"frustumEdgeFalloff": 0.09999999999999999,
	"bias": 0.005,
	"normalBias": 0.005,
	"usePercentageCloserFiltering": true,
	"useContactHardeningShadow": false,
	"contactHardeningLightSizeUVRatio": 0.1,
	"filteringQuality": 0,
	"useExponentialShadowMap": false,
	"useBlurExponentialShadowMap": false,
	"useCloseExponentialShadowMap": false,
	"useBlurCloseExponentialShadowMap": false,
	"usePoissonSampling": false,
	"depthScale": 50,
	"blurBoxOffset": 1,
	"blurKernel": 1,
	"blurScale": 2,
	"useKernelBlur": false,
	"renderList": [
		"f57b49d3-e402-417c-9f93-0e1271df67a5",
		"287f4884-bbf3-4c14-969b-83371249634d",
		"89d8f4bb-4903-403a-b51f-1b8cf13b3afb",
		"624268e1-5ae4-45d3-b295-7b06baa4ed0e",
		"f79af5ff-8fab-4f08-8110-0970199ad19e",
		"e366ac1c-e1a9-4431-8abc-d6657e21867f",
		"db293505-6a98-43cf-b62d-fa3fda8c62a0"
	],
	"numCascades": 4,
	"debug": false,
	"stabilizeCascades": true,
	"lambda": 0.99,
	"cascadeBlendPercentage": 0.2,
	"depthClamp": true,
	"autoCalcDepthBounds": false,
	"shadowMaxZ": 10000,
	"penumbraDarkness": 1,
	"freezeShadowCastersBoundingInfo": false,
	"minDistance": 0,
	"maxDistance": 1
}